day,Mes,Año,cases,deaths,Cumulative_number_for_14_days_of_COVID-19_cases_per_100000,Producto,Penetración (%),Consumo per capita
28,Noviembre,2020,0,0,361.3711639,UVAS,21.441,0.36
27,Noviembre,2020,10853,294,361.3711639,UVAS,21.441,0.36
26,Noviembre,2020,12289,337,383.7798959,UVAS,21.441,0.36
25,Noviembre,2020,10222,369,399.1664582,UVAS,21.441,0.36
24,Noviembre,2020,12228,537,418.0726275,UVAS,21.441,0.36
23,Noviembre,2020,25886,512,429.0809863,UVAS,21.441,0.36
22,Noviembre,2020,0,0,485.5395715,UVAS,21.441,0.36
21,Noviembre,2020,0,0,485.5395715,UVAS,21.441,0.36
20,Noviembre,2020,15156,328,485.5395715,UVAS,21.441,0.36
19,Noviembre,2020,16233,252,501.2201446,UVAS,21.441,0.36
18,Noviembre,2020,15318,351,513.3108039,UVAS,21.441,0.36
17,Noviembre,2020,13159,435,534.0279089,UVAS,21.441,0.36
16,Noviembre,2020,38273,484,545.7670336,UVAS,21.441,0.36
15,Noviembre,2020,0,0,581.4445984,UVAS,21.441,0.36
14,Noviembre,2020,0,0,581.4445984,UVAS,21.441,0.36
13,Noviembre,2020,21371,308,581.4445984,UVAS,21.441,0.36
12,Noviembre,2020,19511,356,590.4438838,UVAS,21.441,0.36
11,Noviembre,2020,19096,349,599.1129398,UVAS,21.441,0.36
10,Noviembre,2020,17395,411,600.5382527,UVAS,21.441,0.36
9,Noviembre,2020,52386,512,602.7177672,UVAS,21.441,0.36
8,Noviembre,2020,0,0,602.2959257,UVAS,21.441,0.36
7,Noviembre,2020,0,0,602.2959257,UVAS,21.441,0.36
6,Noviembre,2020,22516,347,602.2959257,UVAS,21.441,0.36
5,Noviembre,2020,21908,368,596.6181094,UVAS,21.441,0.36
4,Noviembre,2020,25042,1623,594.6537768,UVAS,21.441,0.36
3,Noviembre,2020,18669,238,577.4626702,UVAS,21.441,0.36
2,Noviembre,2020,55019,379,567.2447316,UVAS,21.441,0.36
1,Noviembre,2020,0,0,530.7490499,UVAS,21.441,0.36
31,Octubre,2020,0,0,530.7490499,UVAS,21.441,0.57
30,Octubre,2020,25595,239,530.7490499,UVAS,21.441,0.57
29,Octubre,2020,23580,173,508.5725437,UVAS,21.441,0.57
28,Octubre,2020,19765,168,486.709223,UVAS,21.441,0.57
27,Octubre,2020,18418,267,470.1018769,UVAS,21.441,0.57
26,Octubre,2020,52188,279,446.0270839,UVAS,21.441,0.57
25,Octubre,2020,0,0,394.1874502,UVAS,21.441,0.57
24,Octubre,2020,0,0,394.1874502,UVAS,21.441,0.57
23,Octubre,2020,19851,231,394.1874502,UVAS,21.441,0.57
22,Octubre,2020,20986,155,379.1396393,UVAS,21.441,0.57
21,Octubre,2020,16973,156,360.8960595,UVAS,21.441,0.57
20,Octubre,2020,13873,218,347.0860766,UVAS,21.441,0.57
19,Octubre,2020,37889,217,343.0913653,UVAS,21.441,0.57
18,Octubre,2020,0,0,312.3928086,UVAS,21.441,0.57
17,Octubre,2020,0,0,312.3928086,UVAS,21.441,0.57
16,Octubre,2020,15186,222,312.3928086,UVAS,21.441,0.57
15,Octubre,2020,13318,140,304.1668993,UVAS,21.441,0.57
14,Octubre,2020,11970,209,295.8600304,UVAS,21.441,0.57
13,Octubre,2020,7118,80,293.8275214,UVAS,21.441,0.57
12,Octubre,2020,27856,195,299.7673906,UVAS,21.441,0.57
11,Octubre,2020,0,0,308.1381748,UVAS,21.441,0.57
10,Octubre,2020,0,0,308.1381748,UVAS,21.441,0.57
9,Octubre,2020,12788,241,308.1381748,UVAS,21.441,0.57
8,Octubre,2020,12423,126,307.0388303,UVAS,21.441,0.57
7,Octubre,2020,10491,76,303.2678229,UVAS,21.441,0.57
6,Octubre,2020,11998,261,304.967972,UVAS,21.441,0.57
5,Octubre,2020,23480,139,302.4134873,UVAS,21.441,0.57
4,Octubre,2020,0,0,319.3468019,UVAS,21.441,0.57
3,Octubre,2020,0,0,319.3468019,UVAS,21.441,0.57
2,Octubre,2020,11325,113,319.3468019,UVAS,21.441,0.57
1,Octubre,2020,9419,182,325.8746926,UVAS,21.441,0.57
30,Septiembre,2020,11016,177,329.8630123,UVAS,21.441,0.48
29,Septiembre,2020,9906,203,330.240113,UVAS,21.441,0.48
28,Septiembre,2020,31785,179,329.2409026,UVAS,21.441,0.48
27,Septiembre,2020,0,0,319.9071267,UVAS,21.441,0.48
26,Septiembre,2020,0,0,319.9071267,UVAS,21.441,0.48
25,Septiembre,2020,12272,114,319.9071267,UVAS,21.441,0.48
24,Septiembre,2020,10653,84,319.7175111,UVAS,21.441,0.48
23,Septiembre,2020,11289,130,319.953998,UVAS,21.441,0.48
22,Septiembre,2020,10799,241,314.7917658,UVAS,21.441,0.48
21,Septiembre,2020,31428,168,310.8822751,UVAS,21.441,0.48
20,Septiembre,2020,0,0,300.5109395,UVAS,21.441,0.48
19,Septiembre,2020,0,0,300.5109395,UVAS,21.441,0.48
18,Septiembre,2020,14389,90,300.5109395,UVAS,21.441,0.48
17,Septiembre,2020,11291,162,292.1742436,UVAS,21.441,0.48
16,Septiembre,2020,11193,239,287.2058881,UVAS,21.441,0.48
15,Septiembre,2020,9437,156,281.640989,UVAS,21.441,0.48
14,Septiembre,2020,27404,101,278.8244513,UVAS,21.441,0.48
13,Septiembre,2020,0,0,270.6603268,UVAS,21.441,0.48
12,Septiembre,2020,0,0,270.6603268,UVAS,21.441,0.48
11,Septiembre,2020,12183,48,270.6603268,UVAS,21.441,0.48
10,Septiembre,2020,10764,71,265.5385744,UVAS,21.441,0.48
9,Septiembre,2020,8866,34,263.1822274,UVAS,21.441,0.48
8,Septiembre,2020,8964,78,259.8373226,UVAS,21.441,0.48
7,Septiembre,2020,26560,98,255.9022657,UVAS,21.441,0.48
6,Septiembre,2020,0,0,240.6094459,UVAS,21.441,0.48
5,Septiembre,2020,0,0,240.6094459,UVAS,21.441,0.48
4,Septiembre,2020,10476,184,240.6094459,UVAS,21.441,0.48
3,Septiembre,2020,8959,40,235.6496125,UVAS,21.441,0.48
2,Septiembre,2020,8581,42,231.5590282,UVAS,21.441,0.48
1,Septiembre,2020,8115,58,227.489749,UVAS,21.441,0.48
31,Agosto,2020,23572,83,221.0960806,UVAS,21.441,0.18
30,Agosto,2020,0,0,205.5369467,UVAS,21.441,0.18
29,Agosto,2020,0,0,205.5369467,UVAS,21.441,0.18
28,Agosto,2020,9779,15,205.5369467,UVAS,21.441,0.18
27,Agosto,2020,9658,25,196.3757423,UVAS,21.441,0.18
26,Agosto,2020,7296,47,191.8846217,UVAS,21.441,0.18
25,Agosto,2020,7117,52,183.0983875,UVAS,21.441,0.18
24,Agosto,2020,19382,34,175.6735509,UVAS,21.441,0.18
23,Agosto,2020,0,0,152.7407128,UVAS,21.441,0.18
22,Agosto,2020,0,0,152.7407128,UVAS,21.441,0.18
21,Agosto,2020,8148,25,152.7407128,UVAS,21.441,0.18
20,Agosto,2020,7039,16,144.9835162,UVAS,21.441,0.18
19,Agosto,2020,6671,127,138.6963734,UVAS,21.441,0.18
18,Agosto,2020,5114,24,130.7751274,UVAS,21.441,0.18
17,Agosto,2020,16269,29,132.1514385,UVAS,21.441,0.18
16,Agosto,2020,0,0,115.6676622,UVAS,21.441,0.18
15,Agosto,2020,0,0,115.6676622,UVAS,21.441,0.18
14,Agosto,2020,5479,12,115.6676622,UVAS,21.441,0.18
13,Agosto,2020,7550,26,110.5821285,UVAS,21.441,0.18
12,Agosto,2020,3172,-2,100.4387578,UVAS,21.441,0.18
11,Agosto,2020,3632,5,98.00784284,UVAS,21.441,0.18
10,Agosto,2020,8618,73,94.16439803,UVAS,21.441,0.18
9,Agosto,2020,0,0,89.35583098,UVAS,21.441,0.18
8,Agosto,2020,0,0,89.35583098,UVAS,21.441,0.18
7,Agosto,2020,4507,3,89.35583098,UVAS,21.441,0.18
6,Agosto,2020,4088,1,84.55791649,UVAS,21.441,0.18
5,Agosto,2020,2953,1,81.41967136,UVAS,21.441,0.18
4,Agosto,2020,5760,26,78.01937318,UVAS,21.441,0.18
3,Agosto,2020,8532,27,68.6408565,UVAS,21.441,0.18
2,Agosto,2020,0,0,60.22320103,UVAS,21.441,0.18
1,Agosto,2020,0,0,60.22320103,UVAS,21.441,0.18
31,Julio,2020,3092,2,60.22320103,UVAS,21.441,0.08
30,Julio,2020,2789,2,56.61837363,UVAS,21.441,0.08
29,Julio,2020,2031,5,53.57600156,UVAS,21.441,0.08
28,Julio,2020,1828,2,51.11312894,UVAS,21.441,0.08
27,Julio,2020,6361,2,48.63747325,UVAS,21.441,0.08
26,Julio,2020,0,0,39.44218066,UVAS,21.441,0.08
25,Julio,2020,0,0,39.44218066,UVAS,21.441,0.08
24,Julio,2020,2255,3,39.44218066,UVAS,21.441,0.08
23,Julio,2020,2615,3,36.45307141,UVAS,21.441,0.08
22,Julio,2020,1357,2,32.0386492,UVAS,21.441,0.08
21,Julio,2020,1358,2,29.96352988,UVAS,21.441,0.08
20,Julio,2020,4581,2,27.79679852,UVAS,21.441,0.08
19,Julio,2020,0,0,20.68727781,UVAS,21.441,0.08
18,Julio,2020,0,0,20.68727781,UVAS,21.441,0.08
17,Julio,2020,1400,4,20.68727781,UVAS,21.441,0.08
16,Julio,2020,1361,3,18.6462467,UVAS,21.441,0.08
15,Julio,2020,875,4,16.6925666,UVAS,21.441,0.08
14,Julio,2020,666,3,15.65500694,UVAS,21.441,0.08
13,Julio,2020,2045,3,14.87736982,UVAS,21.441,0.08
12,Julio,2020,0,0,10.94657399,UVAS,21.441,0.08
11,Julio,2020,0,0,11.58785829,UVAS,21.441,0.08
10,Julio,2020,852,2,12.78946743,UVAS,21.441,0.08
9,Julio,2020,543,5,11.86695545,UVAS,21.441,0.08
8,Julio,2020,383,4,11.56229214,UVAS,21.441,0.08
7,Julio,2020,341,4,11.45789702,UVAS,21.441,0.08
6,Julio,2020,1244,3,11.25975935,UVAS,21.441,0.08
5,Julio,2020,0,0,9.10368055,UVAS,21.441,0.08
4,Julio,2020,0,0,9.81527177,UVAS,21.441,0.08
3,Julio,2020,442,17,10.58864786,UVAS,21.441,0.08
2,Julio,2020,444,5,10.30102865,UVAS,21.441,0.08
1,Julio,2020,388,8,10.60143094,UVAS,21.441,0.08
30,Junio,2020,301,9,10.53112402,AJOS,36.01,0.07
30,Junio,2020,301,9,10.53112402,BROCOLI,19.19,0.09
30,Junio,2020,301,9,10.53112402,COLIFLOR,6.29,0.03
30,Junio,2020,301,9,10.53112402,UVAS,11.01,0.05
30,Junio,2020,301,9,10.53112402,AGUACATE,36.47,0.16
29,Junio,2020,200,3,10.35642198,AJOS,36.01,0.07
29,Junio,2020,200,3,10.35642198,BROCOLI,19.19,0.09
29,Junio,2020,200,3,10.35642198,COLIFLOR,6.29,0.03
29,Junio,2020,200,3,10.35642198,UVAS,11.01,0.05
29,Junio,2020,200,3,10.35642198,AGUACATE,36.47,0.16
28,Junio,2020,301,2,10.31594224,AJOS,36.01,0.07
28,Junio,2020,301,2,10.31594224,BROCOLI,19.19,0.09
28,Junio,2020,301,2,10.31594224,COLIFLOR,6.29,0.03
28,Junio,2020,301,2,10.31594224,UVAS,11.01,0.05
28,Junio,2020,301,2,10.31594224,AGUACATE,36.47,0.16
27,Junio,2020,564,3,10.36281352,AJOS,36.01,0.07
27,Junio,2020,564,3,10.36281352,BROCOLI,19.19,0.09
27,Junio,2020,564,3,10.36281352,COLIFLOR,6.29,0.03
27,Junio,2020,564,3,10.36281352,UVAS,11.01,0.05
27,Junio,2020,564,3,10.36281352,AGUACATE,36.47,0.16
26,Junio,2020,419,8,10.0048874,AJOS,36.01,0.07
26,Junio,2020,419,8,10.0048874,BROCOLI,19.19,0.09
26,Junio,2020,419,8,10.0048874,COLIFLOR,6.29,0.03
26,Junio,2020,419,8,10.0048874,UVAS,11.01,0.05
26,Junio,2020,419,8,10.0048874,AGUACATE,36.47,0.16
25,Junio,2020,400,3,10.18171995,AJOS,36.01,0.07
25,Junio,2020,400,3,10.18171995,BROCOLI,19.19,0.09
25,Junio,2020,400,3,10.18171995,COLIFLOR,6.29,0.03
25,Junio,2020,400,3,10.18171995,UVAS,11.01,0.05
25,Junio,2020,400,3,10.18171995,AGUACATE,36.47,0.16
24,Junio,2020,334,2,10.23924379,AJOS,36.01,0.07
24,Junio,2020,334,2,10.23924379,BROCOLI,19.19,0.09
24,Junio,2020,334,2,10.23924379,COLIFLOR,6.29,0.03
24,Junio,2020,334,2,10.23924379,UVAS,11.01,0.05
24,Junio,2020,334,2,10.23924379,AGUACATE,36.47,0.16
23,Junio,2020,248,1,10.19663353,AJOS,36.01,0.07
23,Junio,2020,248,1,10.19663353,BROCOLI,19.19,0.09
23,Junio,2020,248,1,10.19663353,COLIFLOR,6.29,0.03
23,Junio,2020,248,1,10.19663353,UVAS,11.01,0.05
23,Junio,2020,248,1,10.19663353,AGUACATE,36.47,0.16
22,Junio,2020,232,1,10.19876405,AJOS,36.01,0.07
22,Junio,2020,232,1,10.19876405,BROCOLI,19.19,0.09
22,Junio,2020,232,1,10.19876405,COLIFLOR,6.29,0.03
22,Junio,2020,232,1,10.19876405,UVAS,11.01,0.05
22,Junio,2020,232,1,10.19876405,AGUACATE,36.47,0.16
21,Junio,2020,334,1,10.06028072,AJOS,36.01,0.07
21,Junio,2020,334,1,10.06028072,BROCOLI,19.19,0.09
21,Junio,2020,334,1,10.06028072,COLIFLOR,6.29,0.03
21,Junio,2020,334,1,10.06028072,UVAS,11.01,0.05
21,Junio,2020,334,1,10.06028072,AGUACATE,36.47,0.16
20,Junio,2020,363,7,9.86001254,AJOS,36.01,0.07
20,Junio,2020,363,7,9.86001254,BROCOLI,19.19,0.09
20,Junio,2020,363,7,9.86001254,COLIFLOR,6.29,0.03
20,Junio,2020,363,7,9.86001254,UVAS,11.01,0.05
20,Junio,2020,363,7,9.86001254,AGUACATE,36.47,0.16
19,Junio,2020,307,1179,9.79396664,AJOS,36.01,0.07
19,Junio,2020,307,1179,9.79396664,BROCOLI,19.19,0.09
19,Junio,2020,307,1179,9.79396664,COLIFLOR,6.29,0.03
19,Junio,2020,307,1179,9.79396664,UVAS,11.01,0.05
19,Junio,2020,307,1179,9.79396664,AGUACATE,36.47,0.16
18,Junio,2020,585,0,9.81740228,AJOS,36.01,0.07
18,Junio,2020,585,0,9.81740228,BROCOLI,19.19,0.09
18,Junio,2020,585,0,9.81740228,COLIFLOR,6.29,0.03
18,Junio,2020,585,0,9.81740228,UVAS,11.01,0.05
18,Junio,2020,585,0,9.81740228,AGUACATE,36.47,0.16
17,Junio,2020,355,0,9.28264361,AJOS,36.01,0.07
17,Junio,2020,355,0,9.28264361,BROCOLI,19.19,0.09
17,Junio,2020,355,0,9.28264361,COLIFLOR,6.29,0.03
17,Junio,2020,355,0,9.28264361,UVAS,11.01,0.05
17,Junio,2020,355,0,9.28264361,AGUACATE,36.47,0.16
16,Junio,2020,219,0,9.3657336,AJOS,36.01,0.07
16,Junio,2020,219,0,9.3657336,BROCOLI,19.19,0.09
16,Junio,2020,219,0,9.3657336,COLIFLOR,6.29,0.03
16,Junio,2020,219,0,9.3657336,UVAS,11.01,0.05
16,Junio,2020,219,0,9.3657336,AGUACATE,36.47,0.16
15,Junio,2020,181,0,9.52552205,AJOS,36.01,0.07
15,Junio,2020,181,0,9.52552205,BROCOLI,19.19,0.09
15,Junio,2020,181,0,9.52552205,COLIFLOR,6.29,0.03
15,Junio,2020,181,0,9.52552205,UVAS,11.01,0.05
15,Junio,2020,181,0,9.52552205,AGUACATE,36.47,0.16
14,Junio,2020,323,0,9.5851764,AJOS,36.01,0.07
14,Junio,2020,323,0,9.5851764,BROCOLI,19.19,0.09
14,Junio,2020,323,0,9.5851764,COLIFLOR,6.29,0.03
14,Junio,2020,323,0,9.5851764,UVAS,11.01,0.05
14,Junio,2020,323,0,9.5851764,AGUACATE,36.47,0.16
13,Junio,2020,396,0,9.32525386,AJOS,36.01,0.07
13,Junio,2020,396,0,9.32525386,BROCOLI,19.19,0.09
13,Junio,2020,396,0,9.32525386,COLIFLOR,6.29,0.03
13,Junio,2020,396,0,9.32525386,UVAS,11.01,0.05
13,Junio,2020,396,0,9.32525386,AGUACATE,36.47,0.16
12,Junio,2020,502,0,9.89623125,AJOS,36.01,0.07
12,Junio,2020,502,0,9.89623125,BROCOLI,19.19,0.09
12,Junio,2020,502,0,9.89623125,COLIFLOR,6.29,0.03
12,Junio,2020,502,0,9.89623125,UVAS,11.01,0.05
12,Junio,2020,502,0,9.89623125,AGUACATE,36.47,0.16
11,Junio,2020,427,0,10.22859122,AJOS,36.01,0.07
11,Junio,2020,427,0,10.22859122,BROCOLI,19.19,0.09
11,Junio,2020,427,0,10.22859122,COLIFLOR,6.29,0.03
11,Junio,2020,427,0,10.22859122,UVAS,11.01,0.05
11,Junio,2020,427,0,10.22859122,AGUACATE,36.47,0.16
10,Junio,2020,314,0,11.7412552,AJOS,36.01,0.07
10,Junio,2020,314,0,11.7412552,BROCOLI,19.19,0.09
10,Junio,2020,314,0,11.7412552,COLIFLOR,6.29,0.03
10,Junio,2020,314,0,11.7412552,UVAS,11.01,0.05
10,Junio,2020,314,0,11.7412552,AGUACATE,36.47,0.16
9,Junio,2020,249,0,12.15883568,AJOS,36.01,0.07
9,Junio,2020,249,0,12.15883568,BROCOLI,19.19,0.09
9,Junio,2020,249,0,12.15883568,COLIFLOR,6.29,0.03
9,Junio,2020,249,0,12.15883568,UVAS,11.01,0.05
9,Junio,2020,249,0,12.15883568,AGUACATE,36.47,0.16
8,Junio,2020,167,0,13.4584484,AJOS,36.01,0.07
8,Junio,2020,167,0,13.4584484,BROCOLI,19.19,0.09
8,Junio,2020,167,0,13.4584484,COLIFLOR,6.29,0.03
8,Junio,2020,167,0,13.4584484,UVAS,11.01,0.05
8,Junio,2020,167,0,13.4584484,AGUACATE,36.47,0.16
7,Junio,2020,240,1,12.31010208,AJOS,36.01,0.07
7,Junio,2020,240,1,12.31010208,BROCOLI,19.19,0.09
7,Junio,2020,240,1,12.31010208,COLIFLOR,6.29,0.03
7,Junio,2020,240,1,12.31010208,UVAS,11.01,0.05
7,Junio,2020,240,1,12.31010208,AGUACATE,36.47,0.16
6,Junio,2020,332,1,12.82568614,AJOS,36.01,0.07
6,Junio,2020,332,1,12.82568614,BROCOLI,19.19,0.09
6,Junio,2020,332,1,12.82568614,COLIFLOR,6.29,0.03
6,Junio,2020,332,1,12.82568614,UVAS,11.01,0.05
6,Junio,2020,332,1,12.82568614,AGUACATE,36.47,0.16
5,Junio,2020,318,1,13.11117484,AJOS,36.01,0.07
5,Junio,2020,318,1,13.11117484,BROCOLI,19.19,0.09
5,Junio,2020,318,1,13.11117484,COLIFLOR,6.29,0.03
5,Junio,2020,318,1,13.11117484,UVAS,11.01,0.05
5,Junio,2020,318,1,13.11117484,AGUACATE,36.47,0.16
4,Junio,2020,334,5,16.24089792,AJOS,36.01,0.07
4,Junio,2020,334,5,16.24089792,BROCOLI,19.19,0.09
4,Junio,2020,334,5,16.24089792,COLIFLOR,6.29,0.03
4,Junio,2020,334,5,16.24089792,UVAS,11.01,0.05
4,Junio,2020,334,5,16.24089792,AGUACATE,36.47,0.16
3,Junio,2020,394,1,16.55621379,AJOS,36.01,0.07
3,Junio,2020,394,1,16.55621379,BROCOLI,19.19,0.09
3,Junio,2020,394,1,16.55621379,COLIFLOR,6.29,0.03
3,Junio,2020,394,1,16.55621379,UVAS,11.01,0.05
3,Junio,2020,394,1,16.55621379,AGUACATE,36.47,0.16
2,Junio,2020,294,0,16.82039736,AJOS,36.01,0.07
2,Junio,2020,294,0,16.82039736,BROCOLI,19.19,0.09
2,Junio,2020,294,0,16.82039736,COLIFLOR,6.29,0.03
2,Junio,2020,294,0,16.82039736,UVAS,11.01,0.05
2,Junio,2020,294,0,16.82039736,AGUACATE,36.47,0.16
1,Junio,2020,209,0,17.11227759,AJOS,36.01,0.07
1,Junio,2020,209,0,17.11227759,BROCOLI,19.19,0.09
1,Junio,2020,209,0,17.11227759,COLIFLOR,6.29,0.03
1,Junio,2020,209,0,17.11227759,UVAS,11.01,0.05
1,Junio,2020,209,0,17.11227759,AGUACATE,36.47,0.16
31,Mayo,2020,201,2,17.21241168,AJOS,42.8,0.08
31,Mayo,2020,201,2,17.21241168,BROCOLI,24.76,0.13
31,Mayo,2020,201,2,17.21241168,COLIFLOR,10.12,0.05
31,Mayo,2020,201,2,17.21241168,UVAS,16.24,0.08
31,Mayo,2020,201,2,17.21241168,AGUACATE,36.65,0.16
30,Mayo,2020,664,4,18.17327289,AJOS,42.8,0.08
30,Mayo,2020,664,4,18.17327289,BROCOLI,24.76,0.13
30,Mayo,2020,664,4,18.17327289,COLIFLOR,10.12,0.05
30,Mayo,2020,664,4,18.17327289,UVAS,16.24,0.08
30,Mayo,2020,664,4,18.17327289,AGUACATE,36.65,0.16
29,Mayo,2020,658,2,17.8558265,AJOS,42.8,0.08
29,Mayo,2020,658,2,17.8558265,BROCOLI,24.76,0.13
29,Mayo,2020,658,2,17.8558265,COLIFLOR,10.12,0.05
29,Mayo,2020,658,2,17.8558265,UVAS,16.24,0.08
29,Mayo,2020,658,2,17.8558265,AGUACATE,36.65,0.16
28,Mayo,2020,1137,1,17.82386881,AJOS,42.8,0.08
28,Mayo,2020,1137,1,17.82386881,BROCOLI,24.76,0.13
28,Mayo,2020,1137,1,17.82386881,COLIFLOR,10.12,0.05
28,Mayo,2020,1137,1,17.82386881,UVAS,16.24,0.08
28,Mayo,2020,1137,1,17.82386881,AGUACATE,36.65,0.16
27,Mayo,2020,510,1,17.21028117,AJOS,42.8,0.08
27,Mayo,2020,510,1,17.21028117,BROCOLI,24.76,0.13
27,Mayo,2020,510,1,17.21028117,COLIFLOR,10.12,0.05
27,Mayo,2020,510,1,17.21028117,UVAS,16.24,0.08
27,Mayo,2020,510,1,17.21028117,AGUACATE,36.65,0.16
26,Mayo,2020,859,283,17.05901477,AJOS,42.8,0.08
26,Mayo,2020,859,283,17.05901477,BROCOLI,24.76,0.13
26,Mayo,2020,859,283,17.05901477,COLIFLOR,10.12,0.05
26,Mayo,2020,859,283,17.05901477,UVAS,16.24,0.08
26,Mayo,2020,859,283,17.05901477,AGUACATE,36.65,0.16
25,Mayo,2020,-372,-1918,16.25581151,AJOS,42.8,0.08
25,Mayo,2020,-372,-1918,16.25581151,BROCOLI,24.76,0.13
25,Mayo,2020,-372,-1918,16.25581151,COLIFLOR,10.12,0.05
25,Mayo,2020,-372,-1918,16.25581151,UVAS,16.24,0.08
25,Mayo,2020,-372,-1918,16.25581151,AGUACATE,36.65,0.16
24,Mayo,2020,482,74,17.88565368,AJOS,42.8,0.08
24,Mayo,2020,482,74,17.88565368,BROCOLI,24.76,0.13
24,Mayo,2020,482,74,17.88565368,COLIFLOR,10.12,0.05
24,Mayo,2020,482,74,17.88565368,UVAS,16.24,0.08
24,Mayo,2020,482,74,17.88565368,AGUACATE,36.65,0.16
23,Mayo,2020,466,50,24.13657779,AJOS,42.8,0.08
23,Mayo,2020,466,50,24.13657779,BROCOLI,24.76,0.13
23,Mayo,2020,466,50,24.13657779,COLIFLOR,10.12,0.05
23,Mayo,2020,466,50,24.13657779,UVAS,16.24,0.08
23,Mayo,2020,466,50,24.13657779,AGUACATE,36.65,0.16
22,Mayo,2020,1787,688,24.7267298,AJOS,42.8,0.08
22,Mayo,2020,1787,688,24.7267298,BROCOLI,24.76,0.13
22,Mayo,2020,1787,688,24.7267298,COLIFLOR,10.12,0.05
22,Mayo,2020,1787,688,24.7267298,UVAS,16.24,0.08
22,Mayo,2020,1787,688,24.7267298,AGUACATE,36.65,0.16
21,Mayo,2020,482,52,23.41859503,AJOS,42.8,0.08
21,Mayo,2020,482,52,23.41859503,BROCOLI,24.76,0.13
21,Mayo,2020,482,52,23.41859503,COLIFLOR,10.12,0.05
21,Mayo,2020,482,52,23.41859503,UVAS,16.24,0.08
21,Mayo,2020,482,52,23.41859503,AGUACATE,36.65,0.16
20,Mayo,2020,518,110,24.35389008,AJOS,42.8,0.08
20,Mayo,2020,518,110,24.35389008,BROCOLI,24.76,0.13
20,Mayo,2020,518,110,24.35389008,COLIFLOR,10.12,0.05
20,Mayo,2020,518,110,24.35389008,UVAS,16.24,0.08
20,Mayo,2020,518,110,24.35389008,AGUACATE,36.65,0.16
19,Mayo,2020,431,69,25.12513566,AJOS,42.8,0.08
19,Mayo,2020,431,69,25.12513566,BROCOLI,24.76,0.13
19,Mayo,2020,431,69,25.12513566,COLIFLOR,10.12,0.05
19,Mayo,2020,431,69,25.12513566,UVAS,16.24,0.08
19,Mayo,2020,431,69,25.12513566,AGUACATE,36.65,0.16
18,Mayo,2020,256,59,26.42048735,AJOS,42.8,0.08
18,Mayo,2020,256,59,26.42048735,BROCOLI,24.76,0.13
18,Mayo,2020,256,59,26.42048735,COLIFLOR,10.12,0.05
18,Mayo,2020,256,59,26.42048735,UVAS,16.24,0.08
18,Mayo,2020,256,59,26.42048735,AGUACATE,36.65,0.16
17,Mayo,2020,652,87,26.86789501,AJOS,42.8,0.08
17,Mayo,2020,652,87,26.86789501,BROCOLI,24.76,0.13
17,Mayo,2020,652,87,26.86789501,COLIFLOR,10.12,0.05
17,Mayo,2020,652,87,26.86789501,UVAS,16.24,0.08
17,Mayo,2020,652,87,26.86789501,AGUACATE,36.65,0.16
16,Mayo,2020,515,104,27.47083009,AJOS,42.8,0.08
16,Mayo,2020,515,104,27.47083009,BROCOLI,24.76,0.13
16,Mayo,2020,515,104,27.47083009,COLIFLOR,10.12,0.05
16,Mayo,2020,515,104,27.47083009,UVAS,16.24,0.08
16,Mayo,2020,515,104,27.47083009,AGUACATE,36.65,0.16
15,Mayo,2020,643,138,29.00266868,AJOS,42.8,0.08
15,Mayo,2020,643,138,29.00266868,BROCOLI,24.76,0.13
15,Mayo,2020,643,138,29.00266868,COLIFLOR,10.12,0.05
15,Mayo,2020,643,138,29.00266868,UVAS,16.24,0.08
15,Mayo,2020,643,138,29.00266868,AGUACATE,36.65,0.16
14,Mayo,2020,849,217,30.58777009,AJOS,42.8,0.08
14,Mayo,2020,849,217,30.58777009,BROCOLI,24.76,0.13
14,Mayo,2020,849,217,30.58777009,COLIFLOR,10.12,0.05
14,Mayo,2020,849,217,30.58777009,UVAS,16.24,0.08
14,Mayo,2020,849,217,30.58777009,AGUACATE,36.65,0.16
13,Mayo,2020,439,184,31.42293105,AJOS,42.8,0.08
13,Mayo,2020,439,184,31.42293105,BROCOLI,24.76,0.13
13,Mayo,2020,439,184,31.42293105,COLIFLOR,10.12,0.05
13,Mayo,2020,439,184,31.42293105,UVAS,16.24,0.08
13,Mayo,2020,439,184,31.42293105,AGUACATE,36.65,0.16
12,Mayo,2020,482,176,32.29218021,AJOS,42.8,0.08
12,Mayo,2020,482,176,32.29218021,BROCOLI,24.76,0.13
12,Mayo,2020,482,176,32.29218021,COLIFLOR,10.12,0.05
12,Mayo,2020,482,176,32.29218021,UVAS,16.24,0.08
12,Mayo,2020,482,176,32.29218021,AGUACATE,36.65,0.16
11,Mayo,2020,393,123,34.5143049,AJOS,42.8,0.08
11,Mayo,2020,393,123,34.5143049,BROCOLI,24.76,0.13
11,Mayo,2020,393,123,34.5143049,COLIFLOR,10.12,0.05
11,Mayo,2020,393,123,34.5143049,UVAS,16.24,0.08
11,Mayo,2020,393,123,34.5143049,AGUACATE,36.65,0.16
10,Mayo,2020,3416,143,37.21366443,AJOS,42.8,0.08
10,Mayo,2020,3416,143,37.21366443,BROCOLI,24.76,0.13
10,Mayo,2020,3416,143,37.21366443,COLIFLOR,10.12,0.05
10,Mayo,2020,3416,143,37.21366443,UVAS,16.24,0.08
10,Mayo,2020,3416,143,37.21366443,AGUACATE,36.65,0.16
9,Mayo,2020,743,227,33.43200448,AJOS,42.8,0.08
9,Mayo,2020,743,227,33.43200448,BROCOLI,24.76,0.13
9,Mayo,2020,743,227,33.43200448,COLIFLOR,10.12,0.05
9,Mayo,2020,743,227,33.43200448,UVAS,16.24,0.08
9,Mayo,2020,743,227,33.43200448,AGUACATE,36.65,0.16
8,Mayo,2020,1173,181,37.18809827,AJOS,42.8,0.08
8,Mayo,2020,1173,181,37.18809827,BROCOLI,24.76,0.13
8,Mayo,2020,1173,181,37.18809827,COLIFLOR,10.12,0.05
8,Mayo,2020,1173,181,37.18809827,UVAS,16.24,0.08
8,Mayo,2020,1173,181,37.18809827,AGUACATE,36.65,0.16
7,Mayo,2020,921,213,39.19291068,AJOS,42.8,0.08
7,Mayo,2020,921,213,39.19291068,BROCOLI,24.76,0.13
7,Mayo,2020,921,213,39.19291068,COLIFLOR,10.12,0.05
7,Mayo,2020,921,213,39.19291068,UVAS,16.24,0.08
7,Mayo,2020,921,213,39.19291068,AGUACATE,36.65,0.16
6,Mayo,2020,880,244,43.44328341,AJOS,42.8,0.08
6,Mayo,2020,880,244,43.44328341,BROCOLI,24.76,0.13
6,Mayo,2020,880,244,43.44328341,COLIFLOR,10.12,0.05
6,Mayo,2020,880,244,43.44328341,UVAS,16.24,0.08
6,Mayo,2020,880,244,43.44328341,AGUACATE,36.65,0.16
5,Mayo,2020,1039,185,46.49417752,AJOS,42.8,0.08
5,Mayo,2020,1039,185,46.49417752,BROCOLI,24.76,0.13
5,Mayo,2020,1039,185,46.49417752,COLIFLOR,10.12,0.05
5,Mayo,2020,1039,185,46.49417752,UVAS,16.24,0.08
5,Mayo,2020,1039,185,46.49417752,AGUACATE,36.65,0.16
4,Mayo,2020,466,164,50.56771771,AJOS,42.8,0.08
4,Mayo,2020,466,164,50.56771771,BROCOLI,24.76,0.13
4,Mayo,2020,466,164,50.56771771,COLIFLOR,10.12,0.05
4,Mayo,2020,466,164,50.56771771,UVAS,16.24,0.08
4,Mayo,2020,466,164,50.56771771,AGUACATE,36.65,0.16
3,Mayo,2020,935,164,54.30037587,AJOS,42.8,0.08
3,Mayo,2020,935,164,54.30037587,BROCOLI,24.76,0.13
3,Mayo,2020,935,164,54.30037587,COLIFLOR,10.12,0.05
3,Mayo,2020,935,164,54.30037587,UVAS,16.24,0.08
3,Mayo,2020,935,164,54.30037587,AGUACATE,36.65,0.16
2,Mayo,2020,1234,276,50.78929102,AJOS,42.8,0.08
2,Mayo,2020,1234,276,50.78929102,BROCOLI,24.76,0.13
2,Mayo,2020,1234,276,50.78929102,COLIFLOR,10.12,0.05
2,Mayo,2020,1234,276,50.78929102,UVAS,16.24,0.08
2,Mayo,2020,1234,276,50.78929102,AGUACATE,36.65,0.16
1,Mayo,2020,1387,281,56.33288493,AJOS,42.8,0.08
1,Mayo,2020,1387,281,56.33288493,BROCOLI,24.76,0.13
1,Mayo,2020,1387,281,56.33288493,COLIFLOR,10.12,0.05
1,Mayo,2020,1387,281,56.33288493,UVAS,16.24,0.08
1,Mayo,2020,1387,281,56.33288493,AGUACATE,36.65,0.16
30,Abril,2020,1241,268,61.51216118,AJOS,46.1,0.09
30,Abril,2020,1241,268,61.51216118,BROCOLI,24.63,0.14
30,Abril,2020,1241,268,61.51216118,COLIFLOR,13.29,0.08
30,Abril,2020,1241,268,61.51216118,UVAS,15.82,0.09
30,Abril,2020,1241,268,61.51216118,AGUACATE,35.79,0.17
29,Abril,2020,847,453,67.0067533,AJOS,46.1,0.09
29,Abril,2020,847,453,67.0067533,BROCOLI,24.63,0.14
29,Abril,2020,847,453,67.0067533,COLIFLOR,13.29,0.08
29,Abril,2020,847,453,67.0067533,UVAS,15.82,0.09
29,Abril,2020,847,453,67.0067533,AGUACATE,35.79,0.17
28,Abril,2020,1525,632,74.62759704,AJOS,46.1,0.09
28,Abril,2020,1525,632,74.62759704,BROCOLI,24.63,0.14
28,Abril,2020,1525,632,74.62759704,COLIFLOR,13.29,0.08
28,Abril,2020,1525,632,74.62759704,UVAS,15.82,0.09
28,Abril,2020,1525,632,74.62759704,AGUACATE,35.79,0.17
27,Abril,2020,1660,0,78.01724266,AJOS,46.1,0.09
27,Abril,2020,1660,0,78.01724266,BROCOLI,24.63,0.14
27,Abril,2020,1660,0,78.01724266,COLIFLOR,13.29,0.08
27,Abril,2020,1660,0,78.01724266,UVAS,15.82,0.09
27,Abril,2020,1660,0,78.01724266,AGUACATE,35.79,0.17
26,Abril,2020,1641,288,80.93604499,AJOS,46.1,0.09
26,Abril,2020,1641,288,80.93604499,BROCOLI,24.63,0.14
26,Abril,2020,1641,288,80.93604499,COLIFLOR,13.29,0.08
26,Abril,2020,1641,288,80.93604499,UVAS,15.82,0.09
26,Abril,2020,1641,288,80.93604499,AGUACATE,35.79,0.17
25,Abril,2020,2506,378,85.74674255,AJOS,46.1,0.09
25,Abril,2020,2506,378,85.74674255,BROCOLI,24.63,0.14
25,Abril,2020,2506,378,85.74674255,COLIFLOR,13.29,0.08
25,Abril,2020,2506,378,85.74674255,UVAS,15.82,0.09
25,Abril,2020,2506,378,85.74674255,AGUACATE,35.79,0.17
24,Abril,2020,2114,367,90.10151041,AJOS,46.1,0.09
24,Abril,2020,2114,367,90.10151041,BROCOLI,24.63,0.14
24,Abril,2020,2114,367,90.10151041,COLIFLOR,13.29,0.08
24,Abril,2020,2114,367,90.10151041,UVAS,15.82,0.09
24,Abril,2020,2114,367,90.10151041,AGUACATE,35.79,0.17
23,Abril,2020,2916,440,95.26374255,AJOS,46.1,0.09
23,Abril,2020,2916,440,95.26374255,BROCOLI,24.63,0.14
23,Abril,2020,2916,440,95.26374255,COLIFLOR,13.29,0.08
23,Abril,2020,2916,440,95.26374255,UVAS,15.82,0.09
23,Abril,2020,2916,440,95.26374255,AGUACATE,35.79,0.17
22,Abril,2020,2312,435,101.2909628,AJOS,46.1,0.09
22,Abril,2020,2312,435,101.2909628,BROCOLI,24.63,0.14
22,Abril,2020,2312,435,101.2909628,COLIFLOR,13.29,0.08
22,Abril,2020,2312,435,101.2909628,UVAS,15.82,0.09
22,Abril,2020,2312,435,101.2909628,AGUACATE,35.79,0.17
21,Abril,2020,2951,430,108.2598697,AJOS,46.1,0.09
21,Abril,2020,2951,430,108.2598697,BROCOLI,24.63,0.14
21,Abril,2020,2951,430,108.2598697,COLIFLOR,13.29,0.08
21,Abril,2020,2951,430,108.2598697,UVAS,15.82,0.09
21,Abril,2020,2951,430,108.2598697,AGUACATE,35.79,0.17
20,Abril,2020,2218,399,113.0705673,AJOS,46.1,0.09
20,Abril,2020,2218,399,113.0705673,BROCOLI,24.63,0.14
20,Abril,2020,2218,399,113.0705673,COLIFLOR,13.29,0.08
20,Abril,2020,2218,399,113.0705673,UVAS,15.82,0.09
20,Abril,2020,2218,399,113.0705673,AGUACATE,35.79,0.17
19,Abril,2020,-713,410,116.1576801,AJOS,46.1,0.09
19,Abril,2020,-713,410,116.1576801,BROCOLI,24.63,0.14
19,Abril,2020,-713,410,116.1576801,COLIFLOR,13.29,0.08
19,Abril,2020,-713,410,116.1576801,UVAS,15.82,0.09
19,Abril,2020,-713,410,116.1576801,AGUACATE,35.79,0.17
18,Abril,2020,3836,565,129.4648621,AJOS,46.1,0.09
18,Abril,2020,3836,565,129.4648621,BROCOLI,24.63,0.14
18,Abril,2020,3836,565,129.4648621,COLIFLOR,13.29,0.08
18,Abril,2020,3836,565,129.4648621,UVAS,15.82,0.09
18,Abril,2020,3836,565,129.4648621,AGUACATE,35.79,0.17
17,Abril,2020,3818,585,135.4878214,AJOS,46.1,0.09
17,Abril,2020,3818,585,135.4878214,BROCOLI,24.63,0.14
17,Abril,2020,3818,585,135.4878214,COLIFLOR,13.29,0.08
17,Abril,2020,3818,585,135.4878214,UVAS,15.82,0.09
17,Abril,2020,3818,585,135.4878214,AGUACATE,35.79,0.17
16,Abril,2020,3820,617,142.846612,AJOS,46.1,0.09
16,Abril,2020,3820,617,142.846612,BROCOLI,24.63,0.14
16,Abril,2020,3820,617,142.846612,COLIFLOR,13.29,0.08
16,Abril,2020,3820,617,142.846612,UVAS,15.82,0.09
16,Abril,2020,3820,617,142.846612,AGUACATE,35.79,0.17
15,Abril,2020,4424,787,150.8637311,AJOS,46.1,0.09
15,Abril,2020,4424,787,150.8637311,BROCOLI,24.63,0.14
15,Abril,2020,4424,787,150.8637311,COLIFLOR,13.29,0.08
15,Abril,2020,4424,787,150.8637311,UVAS,15.82,0.09
15,Abril,2020,4424,787,150.8637311,AGUACATE,35.79,0.17
14,Abril,2020,3116,517,157.2318334,AJOS,46.1,0.09
14,Abril,2020,3116,517,157.2318334,BROCOLI,24.63,0.14
14,Abril,2020,3116,517,157.2318334,COLIFLOR,13.29,0.08
14,Abril,2020,3116,517,157.2318334,UVAS,15.82,0.09
14,Abril,2020,3116,517,157.2318334,AGUACATE,35.79,0.17
13,Abril,2020,3030,619,167.9461816,AJOS,46.1,0.09
13,Abril,2020,3030,619,167.9461816,BROCOLI,24.63,0.14
13,Abril,2020,3030,619,167.9461816,COLIFLOR,13.29,0.08
13,Abril,2020,3030,619,167.9461816,UVAS,15.82,0.09
13,Abril,2020,3030,619,167.9461816,AGUACATE,35.79,0.17
12,Abril,2020,3899,510,173.8753983,AJOS,46.1,0.09
12,Abril,2020,3899,510,173.8753983,BROCOLI,24.63,0.14
12,Abril,2020,3899,510,173.8753983,COLIFLOR,13.29,0.08
12,Abril,2020,3899,510,173.8753983,UVAS,15.82,0.09
12,Abril,2020,3899,510,173.8753983,AGUACATE,35.79,0.17
11,Abril,2020,4550,605,179.2549427,AJOS,46.1,0.09
11,Abril,2020,4550,605,179.2549427,BROCOLI,24.63,0.14
11,Abril,2020,4550,605,179.2549427,COLIFLOR,13.29,0.08
11,Abril,2020,4550,605,179.2549427,UVAS,15.82,0.09
11,Abril,2020,4550,605,179.2549427,AGUACATE,35.79,0.17
10,Abril,2020,4537,683,187.1250564,AJOS,46.1,0.09
10,Abril,2020,4537,683,187.1250564,BROCOLI,24.63,0.14
10,Abril,2020,4537,683,187.1250564,COLIFLOR,13.29,0.08
10,Abril,2020,4537,683,187.1250564,UVAS,15.82,0.09
10,Abril,2020,4537,683,187.1250564,AGUACATE,35.79,0.17
9,Abril,2020,5745,757,197.0191571,AJOS,46.1,0.09
9,Abril,2020,5745,757,197.0191571,BROCOLI,24.63,0.14
9,Abril,2020,5745,757,197.0191571,COLIFLOR,13.29,0.08
9,Abril,2020,5745,757,197.0191571,UVAS,15.82,0.09
9,Abril,2020,5745,757,197.0191571,AGUACATE,35.79,0.17
8,Abril,2020,5583,743,203.8559722,AJOS,46.1,0.09
8,Abril,2020,5583,743,203.8559722,BROCOLI,24.63,0.14
8,Abril,2020,5583,743,203.8559722,COLIFLOR,13.29,0.08
8,Abril,2020,5583,743,203.8559722,UVAS,15.82,0.09
8,Abril,2020,5583,743,203.8559722,AGUACATE,35.79,0.17
7,Abril,2020,5209,637,210.1835948,AJOS,46.1,0.09
7,Abril,2020,5209,637,210.1835948,BROCOLI,24.63,0.14
7,Abril,2020,5209,637,210.1835948,COLIFLOR,13.29,0.08
7,Abril,2020,5209,637,210.1835948,UVAS,15.82,0.09
7,Abril,2020,5209,637,210.1835948,AGUACATE,35.79,0.17
6,Abril,2020,3667,674,215.4715272,AJOS,46.1,0.09
6,Abril,2020,3667,674,215.4715272,BROCOLI,24.63,0.14
6,Abril,2020,3667,674,215.4715272,COLIFLOR,13.29,0.08
6,Abril,2020,3667,674,215.4715272,UVAS,15.82,0.09
6,Abril,2020,3667,674,215.4715272,AGUACATE,35.79,0.17
5,Abril,2020,5533,809,217.5572991,AJOS,46.1,0.09
5,Abril,2020,5533,809,217.5572991,BROCOLI,24.63,0.14
5,Abril,2020,5533,809,217.5572991,COLIFLOR,13.29,0.08
5,Abril,2020,5533,809,217.5572991,UVAS,15.82,0.09
5,Abril,2020,5533,809,217.5572991,AGUACATE,35.79,0.17
4,Abril,2020,6663,932,216.1362471,AJOS,46.1,0.09
4,Abril,2020,6663,932,216.1362471,BROCOLI,24.63,0.14
4,Abril,2020,6663,932,216.1362471,COLIFLOR,13.29,0.08
4,Abril,2020,6663,932,216.1362471,UVAS,15.82,0.09
4,Abril,2020,6663,932,216.1362471,AGUACATE,35.79,0.17
3,Abril,2020,7272,950,213.5434132,AJOS,46.1,0.09
3,Abril,2020,7272,950,213.5434132,BROCOLI,24.63,0.14
3,Abril,2020,7272,950,213.5434132,COLIFLOR,13.29,0.08
3,Abril,2020,7272,950,213.5434132,UVAS,15.82,0.09
3,Abril,2020,7272,950,213.5434132,AGUACATE,35.79,0.17
2,Abril,2020,7583,864,207.7846376,AJOS,46.1,0.09
2,Abril,2020,7583,864,207.7846376,BROCOLI,24.63,0.14
2,Abril,2020,7583,864,207.7846376,COLIFLOR,13.29,0.08
2,Abril,2020,7583,864,207.7846376,UVAS,15.82,0.09
2,Abril,2020,7583,864,207.7846376,AGUACATE,35.79,0.17
1,Abril,2020,7413,849,200.2511448,AJOS,46.1,0.09
1,Abril,2020,7413,849,200.2511448,BROCOLI,24.63,0.14
1,Abril,2020,7413,849,200.2511448,COLIFLOR,13.29,0.08
1,Abril,2020,7413,849,200.2511448,UVAS,15.82,0.09
1,Abril,2020,7413,849,200.2511448,AGUACATE,35.79,0.17
31,Marzo,2020,8145,812,192.3277683,AJOS,42.48,0.07
31,Marzo,2020,8145,812,192.3277683,BROCOLI,24.67,0.13
31,Marzo,2020,8145,812,192.3277683,COLIFLOR,11.04,0.07
31,Marzo,2020,8145,812,192.3277683,UVAS,14.08,0.07
31,Marzo,2020,8145,812,192.3277683,AGUACATE,30.86,0.14
30,Marzo,2020,5813,838,180.3074159,AJOS,42.48,0.07
30,Marzo,2020,5813,838,180.3074159,BROCOLI,24.67,0.13
30,Marzo,2020,5813,838,180.3074159,COLIFLOR,11.04,0.07
30,Marzo,2020,5813,838,180.3074159,UVAS,14.08,0.07
30,Marzo,2020,5813,838,180.3074159,AGUACATE,30.86,0.14
29,Marzo,2020,6424,832,171.5574005,AJOS,42.48,0.07
29,Marzo,2020,6424,832,171.5574005,BROCOLI,24.67,0.13
29,Marzo,2020,6424,832,171.5574005,COLIFLOR,11.04,0.07
29,Marzo,2020,6424,832,171.5574005,UVAS,14.08,0.07
29,Marzo,2020,6424,832,171.5574005,AGUACATE,30.86,0.14
28,Marzo,2020,8244,769,162.4388064,AJOS,42.48,0.07
28,Marzo,2020,8244,769,162.4388064,BROCOLI,24.67,0.13
28,Marzo,2020,8244,769,162.4388064,COLIFLOR,11.04,0.07
28,Marzo,2020,8244,769,162.4388064,UVAS,14.08,0.07
28,Marzo,2020,8244,769,162.4388064,AGUACATE,30.86,0.14
27,Marzo,2020,9181,655,148.4605129,AJOS,42.48,0.07
27,Marzo,2020,9181,655,148.4605129,BROCOLI,24.67,0.13
27,Marzo,2020,9181,655,148.4605129,COLIFLOR,11.04,0.07
27,Marzo,2020,9181,655,148.4605129,UVAS,14.08,0.07
27,Marzo,2020,9181,655,148.4605129,AGUACATE,30.86,0.14
26,Marzo,2020,8954,738,132.1620911,AJOS,42.48,0.07
26,Marzo,2020,8954,738,132.1620911,BROCOLI,24.67,0.13
26,Marzo,2020,8954,738,132.1620911,COLIFLOR,11.04,0.07
26,Marzo,2020,8954,738,132.1620911,UVAS,14.08,0.07
26,Marzo,2020,8954,738,132.1620911,AGUACATE,30.86,0.14
25,Marzo,2020,8553,514,115.5419619,AJOS,42.48,0.07
25,Marzo,2020,8553,514,115.5419619,BROCOLI,24.67,0.13
25,Marzo,2020,8553,514,115.5419619,COLIFLOR,11.04,0.07
25,Marzo,2020,8553,514,115.5419619,UVAS,14.08,0.07
25,Marzo,2020,8553,514,115.5419619,AGUACATE,30.86,0.14
24,Marzo,2020,7691,462,99.39693709,AJOS,42.48,0.07
24,Marzo,2020,7691,462,99.39693709,BROCOLI,24.67,0.13
24,Marzo,2020,7691,462,99.39693709,COLIFLOR,11.04,0.07
24,Marzo,2020,7691,462,99.39693709,UVAS,14.08,0.07
24,Marzo,2020,7691,462,99.39693709,AGUACATE,30.86,0.14
23,Marzo,2020,4646,394,84.65592008,AJOS,42.48,0.07
23,Marzo,2020,4646,394,84.65592008,BROCOLI,24.67,0.13
23,Marzo,2020,4646,394,84.65592008,COLIFLOR,11.04,0.07
23,Marzo,2020,4646,394,84.65592008,UVAS,14.08,0.07
23,Marzo,2020,4646,394,84.65592008,AGUACATE,30.86,0.14
22,Marzo,2020,4866,324,75.68007029,AJOS,42.48,0.07
22,Marzo,2020,4866,324,75.68007029,BROCOLI,24.67,0.13
22,Marzo,2020,4866,324,75.68007029,COLIFLOR,11.04,0.07
22,Marzo,2020,4866,324,75.68007029,UVAS,14.08,0.07
22,Marzo,2020,4866,324,75.68007029,AGUACATE,30.86,0.14
21,Marzo,2020,5446,235,66.01606492,AJOS,42.48,0.07
21,Marzo,2020,5446,235,66.01606492,BROCOLI,24.67,0.13
21,Marzo,2020,5446,235,66.01606492,COLIFLOR,11.04,0.07
21,Marzo,2020,5446,235,66.01606492,UVAS,14.08,0.07
21,Marzo,2020,5446,235,66.01606492,AGUACATE,30.86,0.14
20,Marzo,2020,4569,169,54.90970248,AJOS,42.48,0.07
20,Marzo,2020,4569,169,54.90970248,BROCOLI,24.67,0.13
20,Marzo,2020,4569,169,54.90970248,COLIFLOR,11.04,0.07
20,Marzo,2020,4569,169,54.90970248,UVAS,14.08,0.07
20,Marzo,2020,4569,169,54.90970248,AGUACATE,30.86,0.14
19,Marzo,2020,4047,107,45.56527401,AJOS,42.48,0.07
19,Marzo,2020,4047,107,45.56527401,BROCOLI,24.67,0.13
19,Marzo,2020,4047,107,45.56527401,COLIFLOR,11.04,0.07
19,Marzo,2020,4047,107,45.56527401,UVAS,14.08,0.07
19,Marzo,2020,4047,107,45.56527401,AGUACATE,30.86,0.14
18,Marzo,2020,3694,182,37.11566084,AJOS,42.48,0.07
18,Marzo,2020,3694,182,37.11566084,BROCOLI,24.67,0.13
18,Marzo,2020,3694,182,37.11566084,COLIFLOR,11.04,0.07
18,Marzo,2020,3694,182,37.11566084,UVAS,14.08,0.07
18,Marzo,2020,3694,182,37.11566084,AGUACATE,30.86,0.14
17,Marzo,2020,2503,21,29.40533557,AJOS,42.48,0.07
17,Marzo,2020,2503,21,29.40533557,BROCOLI,24.67,0.13
17,Marzo,2020,2503,21,29.40533557,COLIFLOR,11.04,0.07
17,Marzo,2020,2503,21,29.40533557,UVAS,14.08,0.07
17,Marzo,2020,2503,21,29.40533557,AGUACATE,30.86,0.14
16,Marzo,2020,1706,152,24.19197112,AJOS,42.48,0.07
16,Marzo,2020,1706,152,24.19197112,BROCOLI,24.67,0.13
16,Marzo,2020,1706,152,24.19197112,COLIFLOR,11.04,0.07
16,Marzo,2020,1706,152,24.19197112,UVAS,14.08,0.07
16,Marzo,2020,1706,152,24.19197112,AGUACATE,30.86,0.14
15,Marzo,2020,2144,15,20.67236423,AJOS,42.48,0.07
15,Marzo,2020,2144,15,20.67236423,BROCOLI,24.67,0.13
15,Marzo,2020,2144,15,20.67236423,COLIFLOR,11.04,0.07
15,Marzo,2020,2144,15,20.67236423,UVAS,14.08,0.07
15,Marzo,2020,2144,15,20.67236423,AGUACATE,30.86,0.14
14,Marzo,2020,1683,37,16.16419946,AJOS,42.48,0.07
14,Marzo,2020,1683,37,16.16419946,BROCOLI,24.67,0.13
14,Marzo,2020,1683,37,16.16419946,COLIFLOR,11.04,0.07
14,Marzo,2020,1683,37,16.16419946,UVAS,14.08,0.07
14,Marzo,2020,1683,37,16.16419946,AGUACATE,30.86,0.14
13,Marzo,2020,1531,37,12.61902642,AJOS,42.48,0.07
13,Marzo,2020,1531,37,12.61902642,BROCOLI,24.67,0.13
13,Marzo,2020,1531,37,12.61902642,COLIFLOR,11.04,0.07
13,Marzo,2020,1531,37,12.61902642,UVAS,14.08,0.07
13,Marzo,2020,1531,37,12.61902642,AGUACATE,30.86,0.14
12,Marzo,2020,1153,12,9.39556078,AJOS,42.48,0.07
12,Marzo,2020,1153,12,9.39556078,BROCOLI,24.67,0.13
12,Marzo,2020,1153,12,9.39556078,COLIFLOR,11.04,0.07
12,Marzo,2020,1153,12,9.39556078,UVAS,14.08,0.07
12,Marzo,2020,1153,12,9.39556078,AGUACATE,30.86,0.14
11,Marzo,2020,975,7,6.9561238,AJOS,42.48,0.07
11,Marzo,2020,975,7,6.9561238,BROCOLI,24.67,0.13
11,Marzo,2020,975,7,6.9561238,COLIFLOR,11.04,0.07
11,Marzo,2020,975,7,6.9561238,UVAS,14.08,0.07
11,Marzo,2020,975,7,6.9561238,AGUACATE,30.86,0.14
10,Marzo,2020,772,23,4.89165704,AJOS,42.48,0.07
10,Marzo,2020,772,23,4.89165704,BROCOLI,24.67,0.13
10,Marzo,2020,772,23,4.89165704,COLIFLOR,11.04,0.07
10,Marzo,2020,772,23,4.89165704,UVAS,14.08,0.07
10,Marzo,2020,772,23,4.89165704,AGUACATE,30.86,0.14
9,Marzo,2020,433,0,3.24903179,AJOS,42.48,0.07
9,Marzo,2020,433,0,3.24903179,BROCOLI,24.67,0.13
9,Marzo,2020,433,0,3.24903179,COLIFLOR,11.04,0.07
9,Marzo,2020,433,0,3.24903179,UVAS,14.08,0.07
9,Marzo,2020,433,0,3.24903179,AGUACATE,30.86,0.14
8,Marzo,2020,330,0,2.32651981,AJOS,42.48,0.07
8,Marzo,2020,330,0,2.32651981,BROCOLI,24.67,0.13
8,Marzo,2020,330,0,2.32651981,COLIFLOR,11.04,0.07
8,Marzo,2020,330,0,2.32651981,UVAS,14.08,0.07
8,Marzo,2020,330,0,2.32651981,AGUACATE,30.86,0.14
7,Marzo,2020,233,2,1.62345064,AJOS,42.48,0.07
7,Marzo,2020,233,2,1.62345064,BROCOLI,24.67,0.13
7,Marzo,2020,233,2,1.62345064,COLIFLOR,11.04,0.07
7,Marzo,2020,233,2,1.62345064,UVAS,14.08,0.07
7,Marzo,2020,233,2,1.62345064,AGUACATE,30.86,0.14
6,Marzo,2020,183,2,1.12704119,AJOS,42.48,0.07
6,Marzo,2020,183,2,1.12704119,BROCOLI,24.67,0.13
6,Marzo,2020,183,2,1.12704119,COLIFLOR,11.04,0.07
6,Marzo,2020,183,2,1.12704119,UVAS,14.08,0.07
6,Marzo,2020,183,2,1.12704119,AGUACATE,30.86,0.14
5,Marzo,2020,81,1,0.73715738,AJOS,42.48,0.07
5,Marzo,2020,81,1,0.73715738,BROCOLI,24.67,0.13
5,Marzo,2020,81,1,0.73715738,COLIFLOR,11.04,0.07
5,Marzo,2020,81,1,0.73715738,UVAS,14.08,0.07
5,Marzo,2020,81,1,0.73715738,AGUACATE,30.86,0.14
4,Marzo,2020,75,0,0.56458585,AJOS,42.48,0.07
4,Marzo,2020,75,0,0.56458585,BROCOLI,24.67,0.13
4,Marzo,2020,75,0,0.56458585,COLIFLOR,11.04,0.07
4,Marzo,2020,75,0,0.56458585,UVAS,14.08,0.07
4,Marzo,2020,75,0,0.56458585,AGUACATE,30.86,0.14
3,Marzo,2020,56,0,0.4047974,AJOS,42.48,0.07
3,Marzo,2020,56,0,0.4047974,BROCOLI,24.67,0.13
3,Marzo,2020,56,0,0.4047974,COLIFLOR,11.04,0.07
3,Marzo,2020,56,0,0.4047974,UVAS,14.08,0.07
3,Marzo,2020,56,0,0.4047974,AGUACATE,30.86,0.14
2,Marzo,2020,54,0,0.28548869,AJOS,42.48,0.07
2,Marzo,2020,54,0,0.28548869,BROCOLI,24.67,0.13
2,Marzo,2020,54,0,0.28548869,COLIFLOR,11.04,0.07
2,Marzo,2020,54,0,0.28548869,UVAS,14.08,0.07
2,Marzo,2020,54,0,0.28548869,AGUACATE,30.86,0.14
1,Marzo,2020,28,0,0.17044101,AJOS,42.48,0.07
1,Marzo,2020,28,0,0.17044101,BROCOLI,24.67,0.13
1,Marzo,2020,28,0,0.17044101,COLIFLOR,11.04,0.07
1,Marzo,2020,28,0,0.17044101,UVAS,14.08,0.07
1,Marzo,2020,28,0,0.17044101,AGUACATE,30.86,0.14
29,Febrero,2020,19,0,0.11078666,AJOS,35.03,0.06
29,Febrero,2020,19,0,0.11078666,BROCOLI,24.72,0.15
29,Febrero,2020,19,0,0.11078666,COLIFLOR,11.98,0.07
29,Febrero,2020,19,0,0.11078666,UVAS,14.12,0.07
29,Febrero,2020,19,0,0.11078666,AGUACATE,30.02,0.13
28,Febrero,2020,18,0,0.07030692,AJOS,35.03,0.06
28,Febrero,2020,18,0,0.07030692,BROCOLI,24.72,0.15
28,Febrero,2020,18,0,0.07030692,COLIFLOR,11.98,0.07
28,Febrero,2020,18,0,0.07030692,UVAS,14.12,0.07
28,Febrero,2020,18,0,0.07030692,AGUACATE,30.02,0.13
27,Febrero,2020,8,0,0.03195769,AJOS,35.03,0.06
27,Febrero,2020,8,0,0.03195769,BROCOLI,24.72,0.15
27,Febrero,2020,8,0,0.03195769,COLIFLOR,11.98,0.07
27,Febrero,2020,8,0,0.03195769,UVAS,14.12,0.07
27,Febrero,2020,8,0,0.03195769,AGUACATE,30.02,0.13
26,Febrero,2020,6,0,0.01491359,AJOS,35.03,0.06
26,Febrero,2020,6,0,0.01491359,BROCOLI,24.72,0.15
26,Febrero,2020,6,0,0.01491359,COLIFLOR,11.98,0.07
26,Febrero,2020,6,0,0.01491359,UVAS,14.12,0.07
26,Febrero,2020,6,0,0.01491359,AGUACATE,30.02,0.13
25,Febrero,2020,1,0,0.00213051,AJOS,35.03,0.06
25,Febrero,2020,1,0,0.00213051,BROCOLI,24.72,0.15
25,Febrero,2020,1,0,0.00213051,COLIFLOR,11.98,0.07
25,Febrero,2020,1,0,0.00213051,UVAS,14.12,0.07
25,Febrero,2020,1,0,0.00213051,AGUACATE,30.02,0.13
24,Febrero,2020,0,0,0.0,AJOS,35.03,0.06
24,Febrero,2020,0,0,0.0,BROCOLI,24.72,0.15
24,Febrero,2020,0,0,0.0,COLIFLOR,11.98,0.07
24,Febrero,2020,0,0,0.0,UVAS,14.12,0.07
24,Febrero,2020,0,0,0.0,AGUACATE,30.02,0.13
23,Febrero,2020,0,0,0.00213051,AJOS,35.03,0.06
23,Febrero,2020,0,0,0.00213051,BROCOLI,24.72,0.15
23,Febrero,2020,0,0,0.00213051,COLIFLOR,11.98,0.07
23,Febrero,2020,0,0,0.00213051,UVAS,14.12,0.07
23,Febrero,2020,0,0,0.00213051,AGUACATE,30.02,0.13
22,Febrero,2020,0,0,0.00213051,AJOS,35.03,0.06
22,Febrero,2020,0,0,0.00213051,BROCOLI,24.72,0.15
22,Febrero,2020,0,0,0.00213051,COLIFLOR,11.98,0.07
22,Febrero,2020,0,0,0.00213051,UVAS,14.12,0.07
22,Febrero,2020,0,0,0.00213051,AGUACATE,30.02,0.13
21,Febrero,2020,0,0,0.00213051,AJOS,35.03,0.06
21,Febrero,2020,0,0,0.00213051,BROCOLI,24.72,0.15
21,Febrero,2020,0,0,0.00213051,COLIFLOR,11.98,0.07
21,Febrero,2020,0,0,0.00213051,UVAS,14.12,0.07
21,Febrero,2020,0,0,0.00213051,AGUACATE,30.02,0.13
20,Febrero,2020,0,0,0.00213051,AJOS,35.03,0.06
20,Febrero,2020,0,0,0.00213051,BROCOLI,24.72,0.15
20,Febrero,2020,0,0,0.00213051,COLIFLOR,11.98,0.07
20,Febrero,2020,0,0,0.00213051,UVAS,14.12,0.07
20,Febrero,2020,0,0,0.00213051,AGUACATE,30.02,0.13
19,Febrero,2020,0,0,0.00213051,AJOS,35.03,0.06
19,Febrero,2020,0,0,0.00213051,BROCOLI,24.72,0.15
19,Febrero,2020,0,0,0.00213051,COLIFLOR,11.98,0.07
19,Febrero,2020,0,0,0.00213051,UVAS,14.12,0.07
19,Febrero,2020,0,0,0.00213051,AGUACATE,30.02,0.13
18,Febrero,2020,0,0,0.00213051,AJOS,35.03,0.06
18,Febrero,2020,0,0,0.00213051,BROCOLI,24.72,0.15
18,Febrero,2020,0,0,0.00213051,COLIFLOR,11.98,0.07
18,Febrero,2020,0,0,0.00213051,UVAS,14.12,0.07
18,Febrero,2020,0,0,0.00213051,AGUACATE,30.02,0.13
17,Febrero,2020,0,0,0.00213051,AJOS,35.03,0.06
17,Febrero,2020,0,0,0.00213051,BROCOLI,24.72,0.15
17,Febrero,2020,0,0,0.00213051,COLIFLOR,11.98,0.07
17,Febrero,2020,0,0,0.00213051,UVAS,14.12,0.07
17,Febrero,2020,0,0,0.00213051,AGUACATE,30.02,0.13
16,Febrero,2020,0,0,0.00213051,AJOS,35.03,0.06
16,Febrero,2020,0,0,0.00213051,BROCOLI,24.72,0.15
16,Febrero,2020,0,0,0.00213051,COLIFLOR,11.98,0.07
16,Febrero,2020,0,0,0.00213051,UVAS,14.12,0.07
16,Febrero,2020,0,0,0.00213051,AGUACATE,30.02,0.13
15,Febrero,2020,0,0,0.00213051,AJOS,35.03,0.06
15,Febrero,2020,0,0,0.00213051,BROCOLI,24.72,0.15
15,Febrero,2020,0,0,0.00213051,COLIFLOR,11.98,0.07
15,Febrero,2020,0,0,0.00213051,UVAS,14.12,0.07
15,Febrero,2020,0,0,0.00213051,AGUACATE,30.02,0.13
14,Febrero,2020,0,0,0.00426103,AJOS,35.03,0.06
14,Febrero,2020,0,0,0.00426103,BROCOLI,24.72,0.15
14,Febrero,2020,0,0,0.00426103,COLIFLOR,11.98,0.07
14,Febrero,2020,0,0,0.00426103,UVAS,14.12,0.07
14,Febrero,2020,0,0,0.00426103,AGUACATE,30.02,0.13
13,Febrero,2020,0,0,0.00426103,AJOS,35.03,0.06
13,Febrero,2020,0,0,0.00426103,BROCOLI,24.72,0.15
13,Febrero,2020,0,0,0.00426103,COLIFLOR,11.98,0.07
13,Febrero,2020,0,0,0.00426103,UVAS,14.12,0.07
13,Febrero,2020,0,0,0.00426103,AGUACATE,30.02,0.13
12,Febrero,2020,0,0,0.00426103,AJOS,35.03,0.06
12,Febrero,2020,0,0,0.00426103,BROCOLI,24.72,0.15
12,Febrero,2020,0,0,0.00426103,COLIFLOR,11.98,0.07
12,Febrero,2020,0,0,0.00426103,UVAS,14.12,0.07
12,Febrero,2020,0,0,0.00426103,AGUACATE,30.02,0.13
11,Febrero,2020,0,0,0.00426103,AJOS,35.03,0.06
11,Febrero,2020,0,0,0.00426103,BROCOLI,24.72,0.15
11,Febrero,2020,0,0,0.00426103,COLIFLOR,11.98,0.07
11,Febrero,2020,0,0,0.00426103,UVAS,14.12,0.07
11,Febrero,2020,0,0,0.00426103,AGUACATE,30.02,0.13
10,Febrero,2020,1,0,0.00426103,AJOS,35.03,0.06
10,Febrero,2020,1,0,0.00426103,BROCOLI,24.72,0.15
10,Febrero,2020,1,0,0.00426103,COLIFLOR,11.98,0.07
10,Febrero,2020,1,0,0.00426103,UVAS,14.12,0.07
10,Febrero,2020,1,0,0.00426103,AGUACATE,30.02,0.13
9,Febrero,2020,0,0,0.00213051,AJOS,35.03,0.06
9,Febrero,2020,0,0,0.00213051,BROCOLI,24.72,0.15
9,Febrero,2020,0,0,0.00213051,COLIFLOR,11.98,0.07
9,Febrero,2020,0,0,0.00213051,UVAS,14.12,0.07
9,Febrero,2020,0,0,0.00213051,AGUACATE,30.02,0.13
8,Febrero,2020,0,0,0.00213051,AJOS,35.03,0.06
8,Febrero,2020,0,0,0.00213051,BROCOLI,24.72,0.15
8,Febrero,2020,0,0,0.00213051,COLIFLOR,11.98,0.07
8,Febrero,2020,0,0,0.00213051,UVAS,14.12,0.07
8,Febrero,2020,0,0,0.00213051,AGUACATE,30.02,0.13
7,Febrero,2020,0,0,0.00213051,AJOS,35.03,0.06
7,Febrero,2020,0,0,0.00213051,BROCOLI,24.72,0.15
7,Febrero,2020,0,0,0.00213051,COLIFLOR,11.98,0.07
7,Febrero,2020,0,0,0.00213051,UVAS,14.12,0.07
7,Febrero,2020,0,0,0.00213051,AGUACATE,30.02,0.13
6,Febrero,2020,0,0,0.00213051,AJOS,35.03,0.06
6,Febrero,2020,0,0,0.00213051,BROCOLI,24.72,0.15
6,Febrero,2020,0,0,0.00213051,COLIFLOR,11.98,0.07
6,Febrero,2020,0,0,0.00213051,UVAS,14.12,0.07
6,Febrero,2020,0,0,0.00213051,AGUACATE,30.02,0.13
5,Febrero,2020,0,0,0.00213051,AJOS,35.03,0.06
5,Febrero,2020,0,0,0.00213051,BROCOLI,24.72,0.15
5,Febrero,2020,0,0,0.00213051,COLIFLOR,11.98,0.07
5,Febrero,2020,0,0,0.00213051,UVAS,14.12,0.07
5,Febrero,2020,0,0,0.00213051,AGUACATE,30.02,0.13
4,Febrero,2020,0,0,0.00213051,AJOS,35.03,0.06
4,Febrero,2020,0,0,0.00213051,BROCOLI,24.72,0.15
4,Febrero,2020,0,0,0.00213051,COLIFLOR,11.98,0.07
4,Febrero,2020,0,0,0.00213051,UVAS,14.12,0.07
4,Febrero,2020,0,0,0.00213051,AGUACATE,30.02,0.13
3,Febrero,2020,0,0,0.00213051,AJOS,35.03,0.06
3,Febrero,2020,0,0,0.00213051,BROCOLI,24.72,0.15
3,Febrero,2020,0,0,0.00213051,COLIFLOR,11.98,0.07
3,Febrero,2020,0,0,0.00213051,UVAS,14.12,0.07
3,Febrero,2020,0,0,0.00213051,AGUACATE,30.02,0.13
2,Febrero,2020,0,0,0.00213051,AJOS,35.03,0.06
2,Febrero,2020,0,0,0.00213051,BROCOLI,24.72,0.15
2,Febrero,2020,0,0,0.00213051,COLIFLOR,11.98,0.07
2,Febrero,2020,0,0,0.00213051,UVAS,14.12,0.07
2,Febrero,2020,0,0,0.00213051,AGUACATE,30.02,0.13
1,Febrero,2020,1,0,0.00213051,AJOS,35.03,0.06
1,Febrero,2020,1,0,0.00213051,BROCOLI,24.72,0.15
1,Febrero,2020,1,0,0.00213051,COLIFLOR,11.98,0.07
1,Febrero,2020,1,0,0.00213051,UVAS,14.12,0.07
1,Febrero,2020,1,0,0.00213051,AGUACATE,30.02,0.13
31,Enero,2020,0,0,0.0,AJOS,36.89,0.06
31,Enero,2020,0,0,0.0,BROCOLI,26.58,0.16
31,Enero,2020,0,0,0.0,COLIFLOR,10.2,0.05
31,Enero,2020,0,0,0.0,UVAS,25.28,0.14
31,Enero,2020,0,0,0.0,AGUACATE,30.42,0.13
30,Enero,2020,0,0,0.0,AJOS,36.89,0.06
30,Enero,2020,0,0,0.0,BROCOLI,26.58,0.16
30,Enero,2020,0,0,0.0,COLIFLOR,10.2,0.05
30,Enero,2020,0,0,0.0,UVAS,25.28,0.14
30,Enero,2020,0,0,0.0,AGUACATE,30.42,0.13
29,Enero,2020,0,0,0.0,AJOS,36.89,0.06
29,Enero,2020,0,0,0.0,BROCOLI,26.58,0.16
29,Enero,2020,0,0,0.0,COLIFLOR,10.2,0.05
29,Enero,2020,0,0,0.0,UVAS,25.28,0.14
29,Enero,2020,0,0,0.0,AGUACATE,30.42,0.13
28,Enero,2020,0,0,0.0,AJOS,36.89,0.06
28,Enero,2020,0,0,0.0,BROCOLI,26.58,0.16
28,Enero,2020,0,0,0.0,COLIFLOR,10.2,0.05
28,Enero,2020,0,0,0.0,UVAS,25.28,0.14
28,Enero,2020,0,0,0.0,AGUACATE,30.42,0.13
27,Enero,2020,0,0,0.0,AJOS,36.89,0.06
27,Enero,2020,0,0,0.0,BROCOLI,26.58,0.16
27,Enero,2020,0,0,0.0,COLIFLOR,10.2,0.05
27,Enero,2020,0,0,0.0,UVAS,25.28,0.14
27,Enero,2020,0,0,0.0,AGUACATE,30.42,0.13
26,Enero,2020,0,0,0.0,AJOS,36.89,0.06
26,Enero,2020,0,0,0.0,BROCOLI,26.58,0.16
26,Enero,2020,0,0,0.0,COLIFLOR,10.2,0.05
26,Enero,2020,0,0,0.0,UVAS,25.28,0.14
26,Enero,2020,0,0,0.0,AGUACATE,30.42,0.13
25,Enero,2020,0,0,0.0,AJOS,36.89,0.06
25,Enero,2020,0,0,0.0,BROCOLI,26.58,0.16
25,Enero,2020,0,0,0.0,COLIFLOR,10.2,0.05
25,Enero,2020,0,0,0.0,UVAS,25.28,0.14
25,Enero,2020,0,0,0.0,AGUACATE,30.42,0.13
24,Enero,2020,0,0,0.0,AJOS,36.89,0.06
24,Enero,2020,0,0,0.0,BROCOLI,26.58,0.16
24,Enero,2020,0,0,0.0,COLIFLOR,10.2,0.05
24,Enero,2020,0,0,0.0,UVAS,25.28,0.14
24,Enero,2020,0,0,0.0,AGUACATE,30.42,0.13
23,Enero,2020,0,0,0.0,AJOS,36.89,0.06
23,Enero,2020,0,0,0.0,BROCOLI,26.58,0.16
23,Enero,2020,0,0,0.0,COLIFLOR,10.2,0.05
23,Enero,2020,0,0,0.0,UVAS,25.28,0.14
23,Enero,2020,0,0,0.0,AGUACATE,30.42,0.13
22,Enero,2020,0,0,0.0,AJOS,36.89,0.06
22,Enero,2020,0,0,0.0,BROCOLI,26.58,0.16
22,Enero,2020,0,0,0.0,COLIFLOR,10.2,0.05
22,Enero,2020,0,0,0.0,UVAS,25.28,0.14
22,Enero,2020,0,0,0.0,AGUACATE,30.42,0.13
21,Enero,2020,0,0,0.0,AJOS,36.89,0.06
21,Enero,2020,0,0,0.0,BROCOLI,26.58,0.16
21,Enero,2020,0,0,0.0,COLIFLOR,10.2,0.05
21,Enero,2020,0,0,0.0,UVAS,25.28,0.14
21,Enero,2020,0,0,0.0,AGUACATE,30.42,0.13
20,Enero,2020,0,0,0.0,AJOS,36.89,0.06
20,Enero,2020,0,0,0.0,BROCOLI,26.58,0.16
20,Enero,2020,0,0,0.0,COLIFLOR,10.2,0.05
20,Enero,2020,0,0,0.0,UVAS,25.28,0.14
20,Enero,2020,0,0,0.0,AGUACATE,30.42,0.13
19,Enero,2020,0,0,0.0,AJOS,36.89,0.06
19,Enero,2020,0,0,0.0,BROCOLI,26.58,0.16
19,Enero,2020,0,0,0.0,COLIFLOR,10.2,0.05
19,Enero,2020,0,0,0.0,UVAS,25.28,0.14
19,Enero,2020,0,0,0.0,AGUACATE,30.42,0.13
18,Enero,2020,0,0,0.0,AJOS,36.89,0.06
18,Enero,2020,0,0,0.0,BROCOLI,26.58,0.16
18,Enero,2020,0,0,0.0,COLIFLOR,10.2,0.05
18,Enero,2020,0,0,0.0,UVAS,25.28,0.14
18,Enero,2020,0,0,0.0,AGUACATE,30.42,0.13
17,Enero,2020,0,0,0.0,AJOS,36.89,0.06
17,Enero,2020,0,0,0.0,BROCOLI,26.58,0.16
17,Enero,2020,0,0,0.0,COLIFLOR,10.2,0.05
17,Enero,2020,0,0,0.0,UVAS,25.28,0.14
17,Enero,2020,0,0,0.0,AGUACATE,30.42,0.13
16,Enero,2020,0,0,0.0,AJOS,36.89,0.06
16,Enero,2020,0,0,0.0,BROCOLI,26.58,0.16
16,Enero,2020,0,0,0.0,COLIFLOR,10.2,0.05
16,Enero,2020,0,0,0.0,UVAS,25.28,0.14
16,Enero,2020,0,0,0.0,AGUACATE,30.42,0.13
15,Enero,2020,0,0,0.0,AJOS,36.89,0.06
15,Enero,2020,0,0,0.0,BROCOLI,26.58,0.16
15,Enero,2020,0,0,0.0,COLIFLOR,10.2,0.05
15,Enero,2020,0,0,0.0,UVAS,25.28,0.14
15,Enero,2020,0,0,0.0,AGUACATE,30.42,0.13
14,Enero,2020,0,0,0.0,AJOS,36.89,0.06
14,Enero,2020,0,0,0.0,BROCOLI,26.58,0.16
14,Enero,2020,0,0,0.0,COLIFLOR,10.2,0.05
14,Enero,2020,0,0,0.0,UVAS,25.28,0.14
14,Enero,2020,0,0,0.0,AGUACATE,30.42,0.13
13,Enero,2020,0,0,0.0,AJOS,36.89,0.06
13,Enero,2020,0,0,0.0,BROCOLI,26.58,0.16
13,Enero,2020,0,0,0.0,COLIFLOR,10.2,0.05
13,Enero,2020,0,0,0.0,UVAS,25.28,0.14
13,Enero,2020,0,0,0.0,AGUACATE,30.42,0.13
12,Enero,2020,0,0,0.0,AJOS,36.89,0.06
12,Enero,2020,0,0,0.0,BROCOLI,26.58,0.16
12,Enero,2020,0,0,0.0,COLIFLOR,10.2,0.05
12,Enero,2020,0,0,0.0,UVAS,25.28,0.14
12,Enero,2020,0,0,0.0,AGUACATE,30.42,0.13
11,Enero,2020,0,0,0.0,AJOS,36.89,0.06
11,Enero,2020,0,0,0.0,BROCOLI,26.58,0.16
11,Enero,2020,0,0,0.0,COLIFLOR,10.2,0.05
11,Enero,2020,0,0,0.0,UVAS,25.28,0.14
11,Enero,2020,0,0,0.0,AGUACATE,30.42,0.13
10,Enero,2020,0,0,0.0,AJOS,36.89,0.06
10,Enero,2020,0,0,0.0,BROCOLI,26.58,0.16
10,Enero,2020,0,0,0.0,COLIFLOR,10.2,0.05
10,Enero,2020,0,0,0.0,UVAS,25.28,0.14
10,Enero,2020,0,0,0.0,AGUACATE,30.42,0.13
9,Enero,2020,0,0,0.0,AJOS,36.89,0.06
9,Enero,2020,0,0,0.0,BROCOLI,26.58,0.16
9,Enero,2020,0,0,0.0,COLIFLOR,10.2,0.05
9,Enero,2020,0,0,0.0,UVAS,25.28,0.14
9,Enero,2020,0,0,0.0,AGUACATE,30.42,0.13
8,Enero,2020,0,0,0.0,AJOS,36.89,0.06
8,Enero,2020,0,0,0.0,BROCOLI,26.58,0.16
8,Enero,2020,0,0,0.0,COLIFLOR,10.2,0.05
8,Enero,2020,0,0,0.0,UVAS,25.28,0.14
8,Enero,2020,0,0,0.0,AGUACATE,30.42,0.13
7,Enero,2020,0,0,0.0,AJOS,36.89,0.06
7,Enero,2020,0,0,0.0,BROCOLI,26.58,0.16
7,Enero,2020,0,0,0.0,COLIFLOR,10.2,0.05
7,Enero,2020,0,0,0.0,UVAS,25.28,0.14
7,Enero,2020,0,0,0.0,AGUACATE,30.42,0.13
6,Enero,2020,0,0,0.0,AJOS,36.89,0.06
6,Enero,2020,0,0,0.0,BROCOLI,26.58,0.16
6,Enero,2020,0,0,0.0,COLIFLOR,10.2,0.05
6,Enero,2020,0,0,0.0,UVAS,25.28,0.14
6,Enero,2020,0,0,0.0,AGUACATE,30.42,0.13
5,Enero,2020,0,0,0.0,AJOS,36.89,0.06
5,Enero,2020,0,0,0.0,BROCOLI,26.58,0.16
5,Enero,2020,0,0,0.0,COLIFLOR,10.2,0.05
5,Enero,2020,0,0,0.0,UVAS,25.28,0.14
5,Enero,2020,0,0,0.0,AGUACATE,30.42,0.13
4,Enero,2020,0,0,0.0,AJOS,36.89,0.06
4,Enero,2020,0,0,0.0,BROCOLI,26.58,0.16
4,Enero,2020,0,0,0.0,COLIFLOR,10.2,0.05
4,Enero,2020,0,0,0.0,UVAS,25.28,0.14
4,Enero,2020,0,0,0.0,AGUACATE,30.42,0.13
3,Enero,2020,0,0,0.0,AJOS,36.89,0.06
3,Enero,2020,0,0,0.0,BROCOLI,26.58,0.16
3,Enero,2020,0,0,0.0,COLIFLOR,10.2,0.05
3,Enero,2020,0,0,0.0,UVAS,25.28,0.14
3,Enero,2020,0,0,0.0,AGUACATE,30.42,0.13
2,Enero,2020,0,0,0.0,AJOS,36.89,0.06
2,Enero,2020,0,0,0.0,BROCOLI,26.58,0.16
2,Enero,2020,0,0,0.0,COLIFLOR,10.2,0.05
2,Enero,2020,0,0,0.0,UVAS,25.28,0.14
2,Enero,2020,0,0,0.0,AGUACATE,30.42,0.13
1,Enero,2020,0,0,0.0,AJOS,36.89,0.06
1,Enero,2020,0,0,0.0,BROCOLI,26.58,0.16
1,Enero,2020,0,0,0.0,COLIFLOR,10.2,0.05
1,Enero,2020,0,0,0.0,UVAS,25.28,0.14
1,Enero,2020,0,0,0.0,AGUACATE,30.42,0.13
31,Diciembre,2019,0,0,0.0,AJOS,35.1,0.05
31,Diciembre,2019,0,0,0.0,BROCOLI,20.44,0.12
31,Diciembre,2019,0,0,0.0,COLIFLOR,8.78,0.04
31,Diciembre,2019,0,0,0.0,UVAS,43.88,0.24
31,Diciembre,2019,0,0,0.0,AGUACATE,31.62,0.13
